Account,Customer_ID,Department,Project,Revenue,Discount,Subscription_Status,Last_Login
ACCT1001,CUST2001,IT,PRJ-125,42004,5,Active,2026-06-30
 ACCT1002 ,CUST2002,Sales,PRJ-116,34114,10,Trial,2026-06-30
acct1003,CUST2003,R&D,PRJ-120,44844,19,Active,2026-06-30
ACCT1004,CUST2004,R&D,PRJ-112,76083,3,Active,2026-06-30
 ACCT1005 ,CUST2005,Finance,PRJ-103,66737,10,Active,2026-06-30
acct1006,CUST2006,IT,PRJ-112,61450,0,Trial,2026-06-30
ACCT1007,CUST2007,Finance,PRJ-114,48848,2,Cancelled,2026-06-30
 ACCT1008 ,CUST2008,HR,PRJ-120,68362,1,Active,2026-06-30
acct1009,CUST2009,Finance,PRJ-113,59522,19,Trial,2026-06-30
ACCT1010,CUST2010,IT,PRJ-122,90278,18,Active,2026-06-30
 ACCT1011 ,CUST2011,HR,PRJ-130,32418,19,Trial,2026-06-30
acct1012,CUST2012,Sales,PRJ-121,37423,10,Active,2026-06-30
ACCT1013,CUST2013,HR,PRJ-127,83193,2,Trial,2026-06-30
 ACCT1014 ,CUST2014,IT,PRJ-119,96681,14,Trial,2026-06-30
acct1015,CUST2015,R&D,PRJ-120,50464,16,Cancelled,2026-06-30
ACCT1016,CUST2016,IT,PRJ-107,22780,19,Active,2026-06-30
ACCT1017,CUST2017,HR,PRJ-107,76164,7,Cancelled,2026-06-30
ACCT1018,CUST2018,IT,PRJ-101,38029,11,Trial,2026-06-30
ACCT1019,CUST2019,HR,PRJ-106,39879,12,Active,2026-06-30
ACCT1020,CUST2020,IT,PRJ-107,98390,14,Cancelled,2026-06-30
ACCT1021,CUST2021,HR,PRJ-104,56454,10,Cancelled,2026-06-30
ACCT1022,CUST2022,IT,PRJ-116,74380,20,Trial,2026-06-30
ACCT1023,CUST2023,IT,PRJ-107,63420,10,Active,2026-06-30
ACCT1024,CUST2024,Finance,PRJ-117,27087,7,Cancelled,2026-06-30
ACCT1025,CUST2025,Finance,PRJ-119,70002,16,Trial,2026-06-30
ACCT1026,CUST2026,Finance,PRJ-114,20792,2,Trial,2026-06-30
ACCT1027,CUST2027,IT,PRJ-130,45226,1,Cancelled,2026-06-30
ACCT1028,CUST2028,Finance,PRJ-130,46767,4,Active,2026-06-30
ACCT1029,CUST2029,Finance,PRJ-118,91938,6,Active,2026-06-30
ACCT1030,CUST2030,R&D,PRJ-102,75868,14,Trial,2026-06-30
ACCT1031,CUST2031,Finance,PRJ-123,45891,7,Trial,2026-06-30
ACCT1032,CUST2032,Finance,PRJ-119,52632,9,Trial,2026-06-30
ACCT1033,CUST2033,R&D,PRJ-114,46398,8,Trial,2026-06-30
ACCT1034,CUST2034,IT,PRJ-130,67131,12,Trial,2026-06-30
ACCT1035,CUST2035,Finance,PRJ-115,77852,13,Cancelled,2026-06-30
ACCT1036,CUST2036,R&D,PRJ-123,76810,4,Trial,2026-06-30
ACCT1037,CUST2037,IT,PRJ-124,69993,13,Active,2026-06-30
ACCT1038,CUST2038,HR,PRJ-119,90411,4,Cancelled,2026-06-30
ACCT1039,CUST2039,Finance,PRJ-108,69866,14,Trial,2026-06-30
ACCT1040,CUST2040,Sales,PRJ-109,69171,17,Cancelled,2026-06-30
ACCT1041,CUST2041,Sales,PRJ-102,63677,4,Cancelled,2026-06-30
ACCT1042,CUST2042,Sales,PRJ-106,40280,6,Active,2026-06-30
ACCT1043,CUST2043,IT,PRJ-127,85627,11,Trial,2026-06-30
ACCT1044,CUST2044,Sales,PRJ-129,74502,12,Cancelled,2026-06-30
ACCT1045,CUST2045,HR,PRJ-112,84166,9,Cancelled,2026-06-30
ACCT1046,CUST2046,R&D,PRJ-102,73580,1,Active,2026-06-30
ACCT1047,CUST2047,Sales,PRJ-129,94135,5,Active,2026-06-30
ACCT1048,CUST2048,Sales,PRJ-130,53457,11,Cancelled,2026-06-30
ACCT1049,CUST2049,Sales,PRJ-120,68258,1,Cancelled,2026-06-30
ACCT1050,CUST2050,Sales,PRJ-129,75579,7,Active,2026-06-30
ACCT1051,CUST2051,Sales,PRJ-101,67371,20,Cancelled,2026-06-30
ACCT1052,CUST2052,IT,PRJ-122,39383,8,Cancelled,2026-06-30
ACCT1053,CUST2053,Sales,PRJ-130,39315,8,Active,2026-06-30
ACCT1054,CUST2054,R&D,PRJ-118,41158,0,Active,2026-06-30
ACCT1055,CUST2055,IT,PRJ-120,70377,12,Cancelled,2026-06-30
ACCT1056,CUST2056,R&D,PRJ-128,30531,16,Active,2026-06-30
ACCT1057,CUST2057,Sales,PRJ-105,75950,8,Cancelled,2026-06-30
ACCT1058,CUST2058,HR,PRJ-116,89887,12,Cancelled,2026-06-30
ACCT1059,CUST2059,HR,PRJ-123,73950,2,Active,2026-06-30
ACCT1060,CUST2060,R&D,PRJ-124,65140,4,Trial,2026-06-30
ACCT1061,CUST2061,Finance,PRJ-129,72162,9,Active,2026-06-30
ACCT1062,CUST2062,Finance,PRJ-126,84451,0,Active,2026-06-30
ACCT1063,CUST2063,IT,PRJ-124,74767,16,Trial,2026-06-30
ACCT1064,CUST2064,HR,PRJ-123,76485,5,Active,2026-06-30
ACCT1065,CUST2065,HR,PRJ-105,37607,6,Trial,2026-06-30
ACCT1066,CUST2066,Finance,PRJ-116,34449,14,Cancelled,2026-06-30
ACCT1067,CUST2067,Finance,PRJ-105,46337,1,Cancelled,2026-06-30
ACCT1068,CUST2068,Finance,PRJ-125,45150,8,Trial,2026-06-30
ACCT1069,CUST2069,Sales,PRJ-120,34312,20,Active,2026-06-30
ACCT1070,CUST2070,IT,PRJ-109,31233,12,Active,2026-06-30
ACCT1071,CUST2071,HR,PRJ-102,64846,0,Cancelled,2026-06-30
ACCT1072,CUST2072,Finance,PRJ-115,83595,3,Active,2026-06-30
ACCT1073,CUST2073,IT,PRJ-108,20947,18,Active,2026-06-30
ACCT1074,CUST2074,IT,PRJ-106,88463,0,Trial,2026-06-30
ACCT1075,CUST2075,R&D,PRJ-116,54843,15,Trial,2026-06-30
ACCT1076,CUST2076,HR,PRJ-119,76289,10,Trial,2026-06-30
ACCT1077,CUST2077,HR,PRJ-110,51404,11,Cancelled,2026-06-30
ACCT1078,CUST2078,Sales,PRJ-112,27502,11,Trial,2026-06-30
ACCT1079,CUST2079,IT,PRJ-100,79889,12,Cancelled,2026-06-30
ACCT1080,CUST2080,Finance,PRJ-100,98893,3,Cancelled,2026-06-30
ACCT1081,CUST2081,HR,PRJ-130,52576,11,Trial,2026-06-30
ACCT1082,CUST2082,R&D,PRJ-121,82285,16,Trial,2026-06-30
ACCT1083,CUST2083,Finance,PRJ-100,62229,0,Cancelled,2026-06-30
ACCT1084,CUST2084,HR,PRJ-127,25997,10,Cancelled,2026-06-30
ACCT1085,CUST2085,Sales,PRJ-107,99529,15,Trial,2026-06-30
ACCT1086,CUST2086,R&D,PRJ-125,30665,11,Trial,2026-06-30
ACCT1087,CUST2087,Sales,PRJ-121,33166,12,Trial,2026-06-30
ACCT1088,CUST2088,R&D,PRJ-106,38764,16,Cancelled,2026-06-30
ACCT1089,CUST2089,R&D,PRJ-101,36759,15,Active,2026-06-30
ACCT1090,CUST2090,HR,PRJ-126,91925,14,Active,2026-06-30
ACCT1091,CUST2091,Sales,PRJ-130,35162,15,Cancelled,2026-06-30
ACCT1092,CUST2092,R&D,PRJ-107,51897,6,Active,2026-06-30
ACCT1093,CUST2093,IT,PRJ-103,77002,0,Active,2026-06-30
ACCT1094,CUST2094,HR,PRJ-128,70264,8,Active,2026-06-30
ACCT1095,CUST2095,HR,PRJ-121,82429,3,Cancelled,2026-06-30
ACCT1096,CUST2096,Finance,PRJ-129,90063,20,Cancelled,2026-06-30
ACCT1097,CUST2097,Sales,PRJ-102,63620,7,Cancelled,2026-06-30
ACCT1098,CUST2098,R&D,PRJ-102,64987,12,Cancelled,2026-06-30
ACCT1099,CUST2099,Sales,PRJ-120,93649,13,Active,2026-06-30
ACCT1100,CUST2100,Finance,PRJ-108,35163,9,Active,2026-06-30
 ACCT1002 ,CUST2002,Sales,PRJ-116,34114,10,Trial,2026-06-30
