Log_ID,Resource_ID,Log_Source,Log_Timestamp,Security_Event_Count,Carbon_Factor,Cloud_Provider
LOG1,VM100058,CLOUDWATCH,2026-01-01 01:00:00+00:00,2,0.47,AWS
LOG2,VM100060, Stackdriver ,2026-01-01 02:00:00+00:00,2,0.29, Azure 
LOG3,VM100195,stackdriver,2026-01-01 03:00:00+00:00,5,0.25,aws
LOG4,VM100275,CLOUDWATCH,2026-01-01 04:00:00+00:00,3,0.54,AZURE
LOG5,VM100187, Stackdriver ,2026-01-01 05:00:00+00:00,1,0.41, GCP 
LOG6,VM100114,cloudwatch,2026-01-01 06:00:00+00:00,3,0.25,azure
LOG7,VM100162,CLOUDWATCH,2026-01-01 07:00:00+00:00,2,0.5,AZURE
LOG8,VM100234, CloudWatch ,2026-01-01 08:00:00+00:00,4,0.34, GCP 
LOG9,VM100018,stackdriver,2026-01-01 09:00:00+00:00,2,0.34,gcp
LOG10,VM100064,AZUREMONITOR,2026-01-01 10:00:00+00:00,5,0.42,GCP
LOG11,VM100111, AzureMonitor ,2026-01-01 11:00:00+00:00,2,0.46, Azure 
LOG12,VM100031,azuremonitor,2026-01-01 12:00:00+00:00,1,0.5,aws
LOG13,VM100116,STACKDRIVER,2026-01-01 13:00:00+00:00,5,0.27,AWS
LOG14,VM100250, Stackdriver ,2026-01-01 14:00:00+00:00,3,0.34, GCP 
LOG15,VM100082,cloudwatch,2026-01-01 15:00:00+00:00,4,0.37,azure
LOG16,VM100243,AZUREMONITOR,2026-01-01 16:00:00+00:00,3,0.37,GCP
LOG17,VM100145,AzureMonitor,2026-01-01 17:00:00+00:00,5,0.53,GCP
LOG18,VM100281,AzureMonitor,2026-01-01 18:00:00+00:00,0,0.29,GCP
LOG19,VM100028,Stackdriver,2026-01-01 19:00:00+00:00,2,0.39,AWS
LOG20,VM100296,CloudWatch,2026-01-01 20:00:00+00:00,3,0.46,Azure
LOG21,VM100075,CloudWatch,2026-01-01 21:00:00+00:00,1,0.49,AWS
LOG22,VM100005,AzureMonitor,2026-01-01 22:00:00+00:00,5,0.51,AWS
LOG23,VM100076,AzureMonitor,2026-01-01 23:00:00+00:00,3,0.45,AWS
LOG24,VM100029,CloudWatch,2026-01-02 00:00:00+00:00,2,0.54,AWS
LOG25,VM100027,CloudWatch,2026-01-02 01:00:00+00:00,4,0.45,GCP
LOG26,VM100223,CloudWatch,2026-01-02 02:00:00+00:00,5,0.47,AWS
LOG27,VM100018,CloudWatch,2026-01-02 03:00:00+00:00,1,0.37,Azure
LOG28,VM100089,Stackdriver,2026-01-02 04:00:00+00:00,5,0.36,GCP
LOG29,VM100046,AzureMonitor,2026-01-02 05:00:00+00:00,5,0.36,GCP
LOG30,VM100228,AzureMonitor,2026-01-02 06:00:00+00:00,0,0.29,AWS
LOG31,VM100063,AzureMonitor,2026-01-02 07:00:00+00:00,5,0.45,GCP
LOG32,VM100116,CloudWatch,2026-01-02 08:00:00+00:00,4,0.42,GCP
LOG33,VM100246,AzureMonitor,2026-01-02 09:00:00+00:00,5,0.47,GCP
LOG34,VM100093,AzureMonitor,2026-01-02 10:00:00+00:00,3,0.55,GCP
LOG35,VM100223,AzureMonitor,2026-01-02 11:00:00+00:00,4,0.29,Azure
LOG36,VM100033,Stackdriver,2026-01-02 12:00:00+00:00,4,0.31,GCP
LOG37,VM100011,AzureMonitor,2026-01-02 13:00:00+00:00,4,0.5,GCP
LOG38,VM100251,CloudWatch,2026-01-02 14:00:00+00:00,4,0.5,GCP
LOG39,VM100064,CloudWatch,2026-01-02 15:00:00+00:00,5,0.52,AWS
LOG40,VM100093,CloudWatch,2026-01-02 16:00:00+00:00,4,0.38,Azure
LOG41,VM100063,CloudWatch,2026-01-02 17:00:00+00:00,1,0.42,GCP
LOG42,VM100083,CloudWatch,2026-01-02 18:00:00+00:00,4,0.33,AWS
LOG43,VM100044,CloudWatch,2026-01-02 19:00:00+00:00,4,0.34,GCP
LOG44,VM100088,AzureMonitor,2026-01-02 20:00:00+00:00,5,0.25,Azure
LOG45,VM100024,Stackdriver,2026-01-02 21:00:00+00:00,2,0.45,Azure
LOG46,VM100072,Stackdriver,2026-01-02 22:00:00+00:00,3,0.46,GCP
LOG47,VM100181,Stackdriver,2026-01-02 23:00:00+00:00,4,0.4,GCP
LOG48,VM100051,Stackdriver,2026-01-03 00:00:00+00:00,0,0.32,AWS
LOG49,VM100073,AzureMonitor,2026-01-03 01:00:00+00:00,1,0.54,GCP
LOG50,VM100283,CloudWatch,2026-01-03 02:00:00+00:00,4,0.36,AWS
LOG51,VM100217,CloudWatch,2026-01-03 03:00:00+00:00,4,0.33,Azure
LOG52,VM100084,AzureMonitor,2026-01-03 04:00:00+00:00,3,0.27,Azure
LOG53,VM100218,Stackdriver,2026-01-03 05:00:00+00:00,1,0.41,AWS
LOG54,VM100138,Stackdriver,2026-01-03 06:00:00+00:00,5,0.44,GCP
LOG55,VM100191,Stackdriver,2026-01-03 07:00:00+00:00,5,0.44,GCP
LOG56,VM100084,AzureMonitor,2026-01-03 08:00:00+00:00,1,0.34,Azure
LOG57,VM100195,CloudWatch,2026-01-03 09:00:00+00:00,4,0.32,Azure
LOG58,VM100064,Stackdriver,2026-01-03 10:00:00+00:00,0,0.46,Azure
LOG59,VM100034,AzureMonitor,2026-01-03 11:00:00+00:00,5,0.28,Azure
LOG60,VM100140,CloudWatch,2026-01-03 12:00:00+00:00,1,0.33,AWS
LOG61,VM100194,CloudWatch,2026-01-03 13:00:00+00:00,3,0.54,AWS
LOG62,VM100090,Stackdriver,2026-01-03 14:00:00+00:00,5,0.51,GCP
LOG63,VM100251,CloudWatch,2026-01-03 15:00:00+00:00,4,0.35,GCP
LOG64,VM100145,Stackdriver,2026-01-03 16:00:00+00:00,2,0.43,AWS
LOG65,VM100088,AzureMonitor,2026-01-03 17:00:00+00:00,3,0.3,GCP
LOG66,VM100273,Stackdriver,2026-01-03 18:00:00+00:00,4,0.51,Azure
LOG67,VM100245,Stackdriver,2026-01-03 19:00:00+00:00,1,0.33,GCP
LOG68,VM100263,Stackdriver,2026-01-03 20:00:00+00:00,1,0.45,AWS
LOG69,VM100194,Stackdriver,2026-01-03 21:00:00+00:00,5,0.33,GCP
LOG70,VM100190,Stackdriver,2026-01-03 22:00:00+00:00,1,0.45,Azure
LOG71,VM100235,CloudWatch,2026-01-03 23:00:00+00:00,3,0.55,Azure
LOG72,VM100258,AzureMonitor,2026-01-04 00:00:00+00:00,2,0.54,GCP
LOG73,VM100118,AzureMonitor,2026-01-04 01:00:00+00:00,5,0.51,Azure
LOG74,VM100209,AzureMonitor,2026-01-04 02:00:00+00:00,0,0.44,AWS
LOG75,VM100123,CloudWatch,2026-01-04 03:00:00+00:00,1,0.42,AWS
LOG76,VM100147,Stackdriver,2026-01-04 04:00:00+00:00,3,0.49,AWS
LOG77,VM100218,Stackdriver,2026-01-04 05:00:00+00:00,4,0.53,AWS
LOG78,VM100246,AzureMonitor,2026-01-04 06:00:00+00:00,4,0.46,GCP
LOG79,VM100273,Stackdriver,2026-01-04 07:00:00+00:00,0,0.37,GCP
LOG80,VM100098,Stackdriver,2026-01-04 08:00:00+00:00,0,0.46,GCP
LOG81,VM100274,Stackdriver,2026-01-04 09:00:00+00:00,2,0.32,GCP
LOG82,VM100271,Stackdriver,2026-01-04 10:00:00+00:00,4,0.26,Azure
LOG83,VM100087,Stackdriver,2026-01-04 11:00:00+00:00,4,0.52,AWS
LOG84,VM100039,AzureMonitor,2026-01-04 12:00:00+00:00,1,0.4,AWS
LOG85,VM100217,AzureMonitor,2026-01-04 13:00:00+00:00,3,0.3,AWS
LOG86,VM100174,Stackdriver,2026-01-04 14:00:00+00:00,1,0.5,AWS
LOG87,VM100149,AzureMonitor,2026-01-04 15:00:00+00:00,3,0.34,AWS
LOG88,VM100002,Stackdriver,2026-01-04 16:00:00+00:00,5,0.42,AWS
LOG89,VM100157,Stackdriver,2026-01-04 17:00:00+00:00,4,0.5,AWS
LOG90,VM100238,Stackdriver,2026-01-04 18:00:00+00:00,3,0.27,AWS
LOG91,VM100236,AzureMonitor,2026-01-04 19:00:00+00:00,2,0.36,AWS
LOG92,VM100180,Stackdriver,2026-01-04 20:00:00+00:00,1,0.37,AWS
LOG93,VM100052,AzureMonitor,2026-01-04 21:00:00+00:00,3,0.31,GCP
LOG94,VM100264,CloudWatch,2026-01-04 22:00:00+00:00,3,0.29,Azure
LOG95,VM100004,CloudWatch,2026-01-04 23:00:00+00:00,5,0.33,Azure
LOG96,VM100203,AzureMonitor,2026-01-05 00:00:00+00:00,2,0.36,AWS
LOG97,VM100275,AzureMonitor,2026-01-05 01:00:00+00:00,0,0.55,GCP
LOG98,VM100225,CloudWatch,2026-01-05 02:00:00+00:00,1,0.36,Azure
LOG99,VM100003,AzureMonitor,2026-01-05 03:00:00+00:00,5,0.31,AWS
LOG100,VM100146,CloudWatch,2026-01-05 04:00:00+00:00,1,0.37,GCP
LOG101,VM100170,CloudWatch,2026-01-05 05:00:00+00:00,1,0.45,Azure
LOG102,VM100137,CloudWatch,2026-01-05 06:00:00+00:00,3,0.4,Azure
LOG103,VM100066,AzureMonitor,2026-01-05 07:00:00+00:00,3,0.4,GCP
LOG104,VM100200,CloudWatch,2026-01-05 08:00:00+00:00,0,0.54,AWS
LOG105,VM100065,CloudWatch,2026-01-05 09:00:00+00:00,2,0.4,GCP
LOG106,VM100122,CloudWatch,2026-01-05 10:00:00+00:00,5,0.5,Azure
LOG107,VM100005,AzureMonitor,2026-01-05 11:00:00+00:00,3,0.34,Azure
LOG108,VM100043,AzureMonitor,2026-01-05 12:00:00+00:00,1,0.44,GCP
LOG109,VM100262,CloudWatch,2026-01-05 13:00:00+00:00,1,0.33,AWS
LOG110,VM100135,Stackdriver,2026-01-05 14:00:00+00:00,1,0.45,Azure
LOG111,VM100102,AzureMonitor,2026-01-05 15:00:00+00:00,5,0.48,AWS
LOG112,VM100258,Stackdriver,2026-01-05 16:00:00+00:00,1,0.31,GCP
LOG113,VM100077,CloudWatch,2026-01-05 17:00:00+00:00,0,0.29,AWS
LOG114,VM100141,CloudWatch,2026-01-05 18:00:00+00:00,1,0.38,GCP
LOG115,VM100103,CloudWatch,2026-01-05 19:00:00+00:00,0,0.36,GCP
LOG116,VM100157,Stackdriver,2026-01-05 20:00:00+00:00,5,0.54,AWS
LOG117,VM100173,AzureMonitor,2026-01-05 21:00:00+00:00,3,0.27,Azure
LOG118,VM100027,AzureMonitor,2026-01-05 22:00:00+00:00,0,0.33,Azure
LOG119,VM100180,Stackdriver,2026-01-05 23:00:00+00:00,3,0.32,AWS
LOG120,VM100094,CloudWatch,2026-01-06 00:00:00+00:00,0,0.27,GCP
LOG121,VM100165,CloudWatch,2026-01-06 01:00:00+00:00,2,0.39,GCP
LOG122,VM100052,AzureMonitor,2026-01-06 02:00:00+00:00,1,0.33,Azure
LOG123,VM100187,AzureMonitor,2026-01-06 03:00:00+00:00,2,0.28,GCP
LOG124,VM100007,Stackdriver,2026-01-06 04:00:00+00:00,4,0.48,AWS
LOG125,VM100170,AzureMonitor,2026-01-06 05:00:00+00:00,5,0.49,GCP
LOG126,VM100271,Stackdriver,2026-01-06 06:00:00+00:00,2,0.32,Azure
LOG127,VM100108,Stackdriver,2026-01-06 07:00:00+00:00,3,0.28,AWS
LOG128,VM100067,Stackdriver,2026-01-06 08:00:00+00:00,5,0.43,AWS
LOG129,VM100098,CloudWatch,2026-01-06 09:00:00+00:00,5,0.38,AWS
LOG130,VM100039,Stackdriver,2026-01-06 10:00:00+00:00,4,0.35,GCP
LOG131,VM100243,CloudWatch,2026-01-06 11:00:00+00:00,4,0.47,AWS
LOG132,VM100066,CloudWatch,2026-01-06 12:00:00+00:00,3,0.42,Azure
LOG133,VM100287,AzureMonitor,2026-01-06 13:00:00+00:00,2,0.38,GCP
LOG134,VM100061,AzureMonitor,2026-01-06 14:00:00+00:00,0,0.39,GCP
LOG135,VM100258,CloudWatch,2026-01-06 15:00:00+00:00,1,0.43,GCP
LOG136,VM100067,AzureMonitor,2026-01-06 16:00:00+00:00,0,0.54,AWS
LOG137,VM100098,Stackdriver,2026-01-06 17:00:00+00:00,3,0.4,GCP
LOG138,VM100263,CloudWatch,2026-01-06 18:00:00+00:00,1,0.38,GCP
LOG139,VM100197,Stackdriver,2026-01-06 19:00:00+00:00,3,0.37,Azure
LOG140,VM100106,CloudWatch,2026-01-06 20:00:00+00:00,0,0.3,AWS
LOG141,VM100005,Stackdriver,2026-01-06 21:00:00+00:00,3,0.4,GCP
LOG142,VM100269,AzureMonitor,2026-01-06 22:00:00+00:00,2,0.51,Azure
LOG143,VM100138,Stackdriver,2026-01-06 23:00:00+00:00,0,0.3,AWS
LOG144,VM100274,CloudWatch,2026-01-07 00:00:00+00:00,2,0.26,AWS
LOG145,VM100143,CloudWatch,2026-01-07 01:00:00+00:00,2,0.51,AWS
LOG146,VM100128,CloudWatch,2026-01-07 02:00:00+00:00,4,0.28,GCP
LOG147,VM100178,Stackdriver,2026-01-07 03:00:00+00:00,4,0.54,Azure
LOG148,VM100043,Stackdriver,2026-01-07 04:00:00+00:00,4,0.33,AWS
LOG149,VM100210,Stackdriver,2026-01-07 05:00:00+00:00,2,0.35,AWS
LOG150,VM100006,AzureMonitor,2026-01-07 06:00:00+00:00,1,0.47,Azure
LOG151,VM100091,AzureMonitor,2026-01-07 07:00:00+00:00,0,0.41,GCP
LOG152,VM100055,Stackdriver,2026-01-07 08:00:00+00:00,5,0.46,GCP
LOG153,VM100132,Stackdriver,2026-01-07 09:00:00+00:00,5,0.43,AWS
LOG154,VM100227,CloudWatch,2026-01-07 10:00:00+00:00,2,0.33,GCP
LOG155,VM100203,CloudWatch,2026-01-07 11:00:00+00:00,3,0.32,GCP
LOG156,VM100223,AzureMonitor,2026-01-07 12:00:00+00:00,1,0.52,AWS
LOG157,VM100254,CloudWatch,2026-01-07 13:00:00+00:00,3,0.31,AWS
LOG158,VM100097,Stackdriver,2026-01-07 14:00:00+00:00,3,0.53,AWS
LOG159,VM100145,CloudWatch,2026-01-07 15:00:00+00:00,2,0.3,AWS
LOG160,VM100202,Stackdriver,2026-01-07 16:00:00+00:00,4,0.31,AWS
LOG161,VM100037,AzureMonitor,2026-01-07 17:00:00+00:00,1,0.39,GCP
LOG162,VM100207,CloudWatch,2026-01-07 18:00:00+00:00,5,0.41,GCP
LOG163,VM100007,Stackdriver,2026-01-07 19:00:00+00:00,0,0.36,AWS
LOG164,VM100057,CloudWatch,2026-01-07 20:00:00+00:00,5,0.53,AWS
LOG165,VM100128,CloudWatch,2026-01-07 21:00:00+00:00,2,0.29,GCP
LOG166,VM100007,CloudWatch,2026-01-07 22:00:00+00:00,0,0.41,Azure
LOG167,VM100044,CloudWatch,2026-01-07 23:00:00+00:00,1,0.39,GCP
LOG168,VM100228,CloudWatch,2026-01-08 00:00:00+00:00,2,0.35,AWS
LOG169,VM100125,CloudWatch,2026-01-08 01:00:00+00:00,4,0.46,GCP
LOG170,VM100279,CloudWatch,2026-01-08 02:00:00+00:00,0,0.5,AWS
LOG171,VM100279,AzureMonitor,2026-01-08 03:00:00+00:00,0,0.4,Azure
LOG172,VM100073,CloudWatch,2026-01-08 04:00:00+00:00,1,0.26,Azure
LOG173,VM100198,CloudWatch,2026-01-08 05:00:00+00:00,2,0.45,AWS
LOG174,VM100197,Stackdriver,2026-01-08 06:00:00+00:00,5,0.5,AWS
LOG175,VM100252,CloudWatch,2026-01-08 07:00:00+00:00,0,0.32,Azure
LOG176,VM100183,CloudWatch,2026-01-08 08:00:00+00:00,4,0.35,Azure
LOG177,VM100044,CloudWatch,2026-01-08 09:00:00+00:00,4,0.3,Azure
LOG178,VM100272,AzureMonitor,2026-01-08 10:00:00+00:00,4,0.3,Azure
LOG179,VM100077,Stackdriver,2026-01-08 11:00:00+00:00,5,0.34,Azure
LOG180,VM100179,CloudWatch,2026-01-08 12:00:00+00:00,2,0.52,GCP
LOG181,VM100189,AzureMonitor,2026-01-08 13:00:00+00:00,5,0.49,AWS
LOG182,VM100077,Stackdriver,2026-01-08 14:00:00+00:00,1,0.35,Azure
LOG183,VM100229,Stackdriver,2026-01-08 15:00:00+00:00,3,0.49,AWS
LOG184,VM100296,AzureMonitor,2026-01-08 16:00:00+00:00,5,0.33,AWS
LOG185,VM100166,CloudWatch,2026-01-08 17:00:00+00:00,1,0.48,Azure
LOG186,VM100164,AzureMonitor,2026-01-08 18:00:00+00:00,3,0.39,Azure
LOG187,VM100171,CloudWatch,2026-01-08 19:00:00+00:00,5,0.53,Azure
LOG188,VM100215,Stackdriver,2026-01-08 20:00:00+00:00,3,0.41,Azure
LOG189,VM100273,Stackdriver,2026-01-08 21:00:00+00:00,1,0.37,GCP
LOG190,VM100216,Stackdriver,2026-01-08 22:00:00+00:00,4,0.48,GCP
LOG191,VM100113,Stackdriver,2026-01-08 23:00:00+00:00,0,0.32,AWS
LOG192,VM100105,CloudWatch,2026-01-09 00:00:00+00:00,2,0.42,AWS
LOG193,VM100057,CloudWatch,2026-01-09 01:00:00+00:00,2,0.36,AWS
LOG194,VM100151,AzureMonitor,2026-01-09 02:00:00+00:00,1,0.5,GCP
LOG195,VM100216,CloudWatch,2026-01-09 03:00:00+00:00,1,0.5,AWS
LOG196,VM100071,CloudWatch,2026-01-09 04:00:00+00:00,5,0.46,Azure
LOG197,VM100014,Stackdriver,2026-01-09 05:00:00+00:00,3,0.36,GCP
LOG198,VM100055,Stackdriver,2026-01-09 06:00:00+00:00,4,0.27,GCP
LOG199,VM100081,CloudWatch,2026-01-09 07:00:00+00:00,1,0.36,AWS
LOG200,VM100126,CloudWatch,2026-01-09 08:00:00+00:00,0,0.42,Azure
LOG201,VM100077,CloudWatch,2026-01-09 09:00:00+00:00,3,0.47,GCP
LOG202,VM100271,Stackdriver,2026-01-09 10:00:00+00:00,2,0.39,GCP
LOG203,VM100173,AzureMonitor,2026-01-09 11:00:00+00:00,5,0.46,Azure
LOG204,VM100057,CloudWatch,2026-01-09 12:00:00+00:00,0,0.51,AWS
LOG205,VM100089,Stackdriver,2026-01-09 13:00:00+00:00,1,0.25,Azure
LOG206,VM100233,Stackdriver,2026-01-09 14:00:00+00:00,5,0.5,GCP
LOG207,VM100257,AzureMonitor,2026-01-09 15:00:00+00:00,5,0.32,AWS
LOG208,VM100140,CloudWatch,2026-01-09 16:00:00+00:00,4,0.36,AWS
LOG209,VM100109,AzureMonitor,2026-01-09 17:00:00+00:00,4,0.27,Azure
LOG210,VM100095,Stackdriver,2026-01-09 18:00:00+00:00,4,0.43,AWS
LOG211,VM100240,AzureMonitor,2026-01-09 19:00:00+00:00,2,0.45,Azure
LOG212,VM100195,CloudWatch,2026-01-09 20:00:00+00:00,0,0.49,GCP
LOG213,VM100218,CloudWatch,2026-01-09 21:00:00+00:00,2,0.28,AWS
LOG214,VM100186,Stackdriver,2026-01-09 22:00:00+00:00,2,0.26,Azure
LOG215,VM100084,Stackdriver,2026-01-09 23:00:00+00:00,0,0.27,GCP
LOG216,VM100006,AzureMonitor,2026-01-10 00:00:00+00:00,1,0.42,GCP
LOG217,VM100017,CloudWatch,2026-01-10 01:00:00+00:00,2,0.28,GCP
LOG218,VM100290,CloudWatch,2026-01-10 02:00:00+00:00,4,0.55,Azure
LOG219,VM100024,CloudWatch,2026-01-10 03:00:00+00:00,2,0.28,Azure
LOG220,VM100005,AzureMonitor,2026-01-10 04:00:00+00:00,2,0.54,GCP
LOG221,VM100100,AzureMonitor,2026-01-10 05:00:00+00:00,3,0.47,AWS
LOG222,VM100050,AzureMonitor,2026-01-10 06:00:00+00:00,3,0.52,GCP
LOG223,VM100052,Stackdriver,2026-01-10 07:00:00+00:00,1,0.26,Azure
LOG224,VM100245,Stackdriver,2026-01-10 08:00:00+00:00,0,0.34,AWS
LOG225,VM100238,CloudWatch,2026-01-10 09:00:00+00:00,5,0.28,GCP
LOG226,VM100119,CloudWatch,2026-01-10 10:00:00+00:00,5,0.45,GCP
LOG227,VM100083,Stackdriver,2026-01-10 11:00:00+00:00,4,0.55,GCP
LOG228,VM100268,AzureMonitor,2026-01-10 12:00:00+00:00,3,0.49,Azure
LOG229,VM100149,AzureMonitor,2026-01-10 13:00:00+00:00,4,0.51,Azure
LOG230,VM100021,Stackdriver,2026-01-10 14:00:00+00:00,5,0.37,AWS
LOG231,VM100039,CloudWatch,2026-01-10 15:00:00+00:00,4,0.44,Azure
LOG232,VM100050,CloudWatch,2026-01-10 16:00:00+00:00,1,0.48,Azure
LOG233,VM100281,CloudWatch,2026-01-10 17:00:00+00:00,3,0.28,Azure
LOG234,VM100087,AzureMonitor,2026-01-10 18:00:00+00:00,1,0.27,GCP
LOG235,VM100187,AzureMonitor,2026-01-10 19:00:00+00:00,0,0.27,GCP
LOG236,VM100236,AzureMonitor,2026-01-10 20:00:00+00:00,3,0.54,Azure
LOG237,VM100072,CloudWatch,2026-01-10 21:00:00+00:00,4,0.4,Azure
LOG238,VM100147,AzureMonitor,2026-01-10 22:00:00+00:00,3,0.51,GCP
LOG239,VM100067,AzureMonitor,2026-01-10 23:00:00+00:00,2,0.4,GCP
LOG240,VM100161,AzureMonitor,2026-01-11 00:00:00+00:00,0,0.45,GCP
LOG241,VM100231,AzureMonitor,2026-01-11 01:00:00+00:00,5,0.26,GCP
LOG242,VM100030,Stackdriver,2026-01-11 02:00:00+00:00,1,0.46,GCP
LOG243,VM100005,CloudWatch,2026-01-11 03:00:00+00:00,0,0.34,AWS
LOG244,VM100292,AzureMonitor,2026-01-11 04:00:00+00:00,0,0.32,Azure
LOG245,VM100048,AzureMonitor,2026-01-11 05:00:00+00:00,3,0.39,GCP
LOG246,VM100239,CloudWatch,2026-01-11 06:00:00+00:00,0,0.3,AWS
LOG247,VM100204,AzureMonitor,2026-01-11 07:00:00+00:00,1,0.37,AWS
LOG248,VM100163,AzureMonitor,2026-01-11 08:00:00+00:00,4,0.4,GCP
LOG249,VM100244,CloudWatch,2026-01-11 09:00:00+00:00,2,0.39,GCP
LOG250,VM100080,AzureMonitor,2026-01-11 10:00:00+00:00,1,0.44,Azure
LOG251,VM100291,CloudWatch,2026-01-11 11:00:00+00:00,4,0.48,AWS
LOG252,VM100186,AzureMonitor,2026-01-11 12:00:00+00:00,3,0.31,AWS
LOG253,VM100012,Stackdriver,2026-01-11 13:00:00+00:00,3,0.33,GCP
LOG254,VM100091,CloudWatch,2026-01-11 14:00:00+00:00,1,0.27,Azure
LOG255,VM100042,AzureMonitor,2026-01-11 15:00:00+00:00,5,0.39,Azure
LOG256,VM100269,CloudWatch,2026-01-11 16:00:00+00:00,5,0.52,AWS
LOG257,VM100028,CloudWatch,2026-01-11 17:00:00+00:00,3,0.35,Azure
LOG258,VM100085,CloudWatch,2026-01-11 18:00:00+00:00,2,0.53,Azure
LOG259,VM100244,Stackdriver,2026-01-11 19:00:00+00:00,5,0.49,GCP
LOG260,VM100224,AzureMonitor,2026-01-11 20:00:00+00:00,5,0.42,AWS
LOG261,VM100288,Stackdriver,2026-01-11 21:00:00+00:00,1,0.27,GCP
LOG262,VM100297,Stackdriver,2026-01-11 22:00:00+00:00,1,0.35,GCP
LOG263,VM100163,CloudWatch,2026-01-11 23:00:00+00:00,1,0.52,AWS
LOG264,VM100256,AzureMonitor,2026-01-12 00:00:00+00:00,0,0.49,GCP
LOG265,VM100209,AzureMonitor,2026-01-12 01:00:00+00:00,4,0.47,Azure
LOG266,VM100065,Stackdriver,2026-01-12 02:00:00+00:00,3,0.44,GCP
LOG267,VM100050,CloudWatch,2026-01-12 03:00:00+00:00,1,0.47,AWS
LOG268,VM100216,Stackdriver,2026-01-12 04:00:00+00:00,4,0.48,GCP
LOG269,VM100194,CloudWatch,2026-01-12 05:00:00+00:00,2,0.31,AWS
LOG270,VM100296,CloudWatch,2026-01-12 06:00:00+00:00,2,0.49,AWS
LOG271,VM100155,AzureMonitor,2026-01-12 07:00:00+00:00,4,0.5,AWS
LOG272,VM100256,Stackdriver,2026-01-12 08:00:00+00:00,3,0.37,Azure
LOG273,VM100181,Stackdriver,2026-01-12 09:00:00+00:00,3,0.41,Azure
LOG274,VM100059,CloudWatch,2026-01-12 10:00:00+00:00,3,0.38,AWS
LOG275,VM100284,Stackdriver,2026-01-12 11:00:00+00:00,1,0.41,Azure
LOG276,VM100146,Stackdriver,2026-01-12 12:00:00+00:00,5,0.45,GCP
LOG277,VM100146,Stackdriver,2026-01-12 13:00:00+00:00,4,0.53,AWS
LOG278,VM100045,CloudWatch,2026-01-12 14:00:00+00:00,0,0.44,GCP
LOG279,VM100211,CloudWatch,2026-01-12 15:00:00+00:00,3,0.47,GCP
LOG280,VM100279,CloudWatch,2026-01-12 16:00:00+00:00,5,0.38,GCP
LOG281,VM100017,Stackdriver,2026-01-12 17:00:00+00:00,2,0.51,AWS
LOG282,VM100115,AzureMonitor,2026-01-12 18:00:00+00:00,4,0.36,AWS
LOG283,VM100241,CloudWatch,2026-01-12 19:00:00+00:00,2,0.54,Azure
LOG284,VM100212,Stackdriver,2026-01-12 20:00:00+00:00,5,0.49,Azure
LOG285,VM100004,AzureMonitor,2026-01-12 21:00:00+00:00,1,0.4,Azure
LOG286,VM100136,AzureMonitor,2026-01-12 22:00:00+00:00,3,0.45,AWS
LOG287,VM100213,CloudWatch,2026-01-12 23:00:00+00:00,0,0.26,Azure
LOG288,VM100266,Stackdriver,2026-01-13 00:00:00+00:00,4,0.35,AWS
LOG289,VM100293,AzureMonitor,2026-01-13 01:00:00+00:00,1,0.42,Azure
LOG290,VM100099,Stackdriver,2026-01-13 02:00:00+00:00,5,0.37,AWS
LOG291,VM100296,AzureMonitor,2026-01-13 03:00:00+00:00,1,0.53,Azure
LOG292,VM100089,AzureMonitor,2026-01-13 04:00:00+00:00,2,0.41,Azure
LOG293,VM100119,CloudWatch,2026-01-13 05:00:00+00:00,5,0.49,GCP
LOG294,VM100061,Stackdriver,2026-01-13 06:00:00+00:00,4,0.49,GCP
LOG295,VM100134,Stackdriver,2026-01-13 07:00:00+00:00,1,0.53,AWS
LOG296,VM100048,CloudWatch,2026-01-13 08:00:00+00:00,0,0.38,GCP
LOG297,VM100079,CloudWatch,2026-01-13 09:00:00+00:00,4,0.46,AWS
LOG298,VM100293,AzureMonitor,2026-01-13 10:00:00+00:00,0,0.47,AWS
LOG299,VM100233,Stackdriver,2026-01-13 11:00:00+00:00,5,0.48,AWS
LOG300,VM100123,Stackdriver,2026-01-13 12:00:00+00:00,1,0.34,GCP
LOG301,VM100126,Stackdriver,2026-01-13 13:00:00+00:00,3,0.48,GCP
LOG302,VM100027,AzureMonitor,2026-01-13 14:00:00+00:00,0,0.53,GCP
LOG303,VM100012,Stackdriver,2026-01-13 15:00:00+00:00,4,0.51,AWS
LOG304,VM100236,Stackdriver,2026-01-13 16:00:00+00:00,0,0.28,Azure
LOG305,VM100135,CloudWatch,2026-01-13 17:00:00+00:00,0,0.27,Azure
LOG306,VM100107,AzureMonitor,2026-01-13 18:00:00+00:00,0,0.4,AWS
LOG307,VM100212,CloudWatch,2026-01-13 19:00:00+00:00,3,0.54,AWS
LOG308,VM100108,Stackdriver,2026-01-13 20:00:00+00:00,3,0.36,Azure
LOG309,VM100231,CloudWatch,2026-01-13 21:00:00+00:00,1,0.34,AWS
LOG310,VM100291,Stackdriver,2026-01-13 22:00:00+00:00,4,0.51,AWS
LOG311,VM100176,AzureMonitor,2026-01-13 23:00:00+00:00,3,0.55,GCP
LOG312,VM100280,CloudWatch,2026-01-14 00:00:00+00:00,1,0.41,Azure
LOG313,VM100063,CloudWatch,2026-01-14 01:00:00+00:00,4,0.26,AWS
LOG314,VM100266,Stackdriver,2026-01-14 02:00:00+00:00,1,0.31,Azure
LOG315,VM100059,CloudWatch,2026-01-14 03:00:00+00:00,0,0.35,AWS
LOG316,VM100043,Stackdriver,2026-01-14 04:00:00+00:00,5,0.53,Azure
LOG317,VM100141,AzureMonitor,2026-01-14 05:00:00+00:00,1,0.54,Azure
LOG318,VM100283,Stackdriver,2026-01-14 06:00:00+00:00,2,0.39,Azure
LOG319,VM100224,Stackdriver,2026-01-14 07:00:00+00:00,3,0.53,Azure
LOG320,VM100089,CloudWatch,2026-01-14 08:00:00+00:00,5,0.5,GCP
LOG321,VM100144,AzureMonitor,2026-01-14 09:00:00+00:00,0,0.43,GCP
LOG322,VM100160,CloudWatch,2026-01-14 10:00:00+00:00,1,0.54,Azure
LOG323,VM100222,AzureMonitor,2026-01-14 11:00:00+00:00,3,0.43,Azure
LOG324,VM100164,Stackdriver,2026-01-14 12:00:00+00:00,0,0.43,Azure
LOG325,VM100103,Stackdriver,2026-01-14 13:00:00+00:00,2,0.36,GCP
LOG326,VM100033,AzureMonitor,2026-01-14 14:00:00+00:00,1,0.52,GCP
LOG327,VM100130,Stackdriver,2026-01-14 15:00:00+00:00,3,0.34,GCP
LOG328,VM100272,AzureMonitor,2026-01-14 16:00:00+00:00,3,0.26,AWS
LOG329,VM100166,AzureMonitor,2026-01-14 17:00:00+00:00,1,0.36,AWS
LOG330,VM100111,Stackdriver,2026-01-14 18:00:00+00:00,2,0.36,Azure
LOG331,VM100063,CloudWatch,2026-01-14 19:00:00+00:00,2,0.46,GCP
LOG332,VM100169,CloudWatch,2026-01-14 20:00:00+00:00,3,0.42,Azure
LOG333,VM100120,Stackdriver,2026-01-14 21:00:00+00:00,0,0.37,GCP
LOG334,VM100109,Stackdriver,2026-01-14 22:00:00+00:00,1,0.28,Azure
LOG335,VM100039,Stackdriver,2026-01-14 23:00:00+00:00,5,0.38,Azure
LOG336,VM100163,AzureMonitor,2026-01-15 00:00:00+00:00,1,0.31,Azure
LOG337,VM100256,CloudWatch,2026-01-15 01:00:00+00:00,2,0.38,AWS
LOG338,VM100232,CloudWatch,2026-01-15 02:00:00+00:00,4,0.35,Azure
LOG339,VM100122,Stackdriver,2026-01-15 03:00:00+00:00,0,0.34,GCP
LOG340,VM100295,CloudWatch,2026-01-15 04:00:00+00:00,3,0.34,Azure
LOG341,VM100019,Stackdriver,2026-01-15 05:00:00+00:00,4,0.26,GCP
LOG342,VM100009,CloudWatch,2026-01-15 06:00:00+00:00,3,0.28,Azure
LOG343,VM100155,AzureMonitor,2026-01-15 07:00:00+00:00,2,0.48,Azure
LOG344,VM100041,Stackdriver,2026-01-15 08:00:00+00:00,2,0.4,AWS
LOG345,VM100202,AzureMonitor,2026-01-15 09:00:00+00:00,5,0.55,Azure
LOG346,VM100063,AzureMonitor,2026-01-15 10:00:00+00:00,4,0.28,AWS
LOG347,VM100025,CloudWatch,2026-01-15 11:00:00+00:00,1,0.28,Azure
LOG348,VM100224,CloudWatch,2026-01-15 12:00:00+00:00,1,0.28,GCP
LOG349,VM100189,Stackdriver,2026-01-15 13:00:00+00:00,0,0.53,AWS
LOG350,VM100133,CloudWatch,2026-01-15 14:00:00+00:00,0,0.26,Azure
LOG351,VM100039,AzureMonitor,2026-01-15 15:00:00+00:00,2,0.46,Azure
LOG352,VM100139,Stackdriver,2026-01-15 16:00:00+00:00,1,0.53,GCP
LOG353,VM100236,CloudWatch,2026-01-15 17:00:00+00:00,1,0.35,AWS
LOG354,VM100300,AzureMonitor,2026-01-15 18:00:00+00:00,5,0.38,AWS
LOG355,VM100268,Stackdriver,2026-01-15 19:00:00+00:00,1,0.42,GCP
LOG356,VM100251,AzureMonitor,2026-01-15 20:00:00+00:00,2,0.48,Azure
LOG357,VM100116,CloudWatch,2026-01-15 21:00:00+00:00,2,0.48,GCP
LOG358,VM100043,AzureMonitor,2026-01-15 22:00:00+00:00,4,0.5,AWS
LOG359,VM100106,Stackdriver,2026-01-15 23:00:00+00:00,0,0.27,Azure
LOG360,VM100031,CloudWatch,2026-01-16 00:00:00+00:00,0,0.45,Azure
LOG361,VM100198,CloudWatch,2026-01-16 01:00:00+00:00,3,0.28,AWS
LOG362,VM100271,Stackdriver,2026-01-16 02:00:00+00:00,2,0.48,Azure
LOG363,VM100233,Stackdriver,2026-01-16 03:00:00+00:00,1,0.5,AWS
LOG364,VM100067,CloudWatch,2026-01-16 04:00:00+00:00,2,0.37,Azure
LOG365,VM100263,CloudWatch,2026-01-16 05:00:00+00:00,3,0.31,Azure
LOG366,VM100217,CloudWatch,2026-01-16 06:00:00+00:00,5,0.34,GCP
LOG367,VM100053,CloudWatch,2026-01-16 07:00:00+00:00,3,0.51,GCP
LOG368,VM100057,CloudWatch,2026-01-16 08:00:00+00:00,0,0.52,AWS
LOG369,VM100137,CloudWatch,2026-01-16 09:00:00+00:00,3,0.45,Azure
LOG370,VM100181,AzureMonitor,2026-01-16 10:00:00+00:00,0,0.53,AWS
LOG371,VM100182,AzureMonitor,2026-01-16 11:00:00+00:00,1,0.3,GCP
LOG372,VM100221,Stackdriver,2026-01-16 12:00:00+00:00,2,0.27,Azure
LOG373,VM100190,CloudWatch,2026-01-16 13:00:00+00:00,0,0.44,GCP
LOG374,VM100217,CloudWatch,2026-01-16 14:00:00+00:00,2,0.31,AWS
LOG375,VM100142,Stackdriver,2026-01-16 15:00:00+00:00,4,0.4,Azure
LOG376,VM100056,Stackdriver,2026-01-16 16:00:00+00:00,0,0.44,AWS
LOG377,VM100113,CloudWatch,2026-01-16 17:00:00+00:00,0,0.52,GCP
LOG378,VM100137,CloudWatch,2026-01-16 18:00:00+00:00,0,0.41,Azure
LOG379,VM100116,Stackdriver,2026-01-16 19:00:00+00:00,5,0.46,Azure
LOG380,VM100202,CloudWatch,2026-01-16 20:00:00+00:00,1,0.47,GCP
LOG381,VM100138,AzureMonitor,2026-01-16 21:00:00+00:00,1,0.3,AWS
LOG382,VM100178,Stackdriver,2026-01-16 22:00:00+00:00,2,0.46,Azure
LOG383,VM100002,CloudWatch,2026-01-16 23:00:00+00:00,1,0.4,GCP
LOG384,VM100245,Stackdriver,2026-01-17 00:00:00+00:00,2,0.51,GCP
LOG385,VM100123,CloudWatch,2026-01-17 01:00:00+00:00,2,0.45,AWS
LOG386,VM100096,AzureMonitor,2026-01-17 02:00:00+00:00,3,0.29,AWS
LOG387,VM100243,AzureMonitor,2026-01-17 03:00:00+00:00,2,0.26,Azure
LOG388,VM100040,CloudWatch,2026-01-17 04:00:00+00:00,5,0.48,AWS
LOG389,VM100181,AzureMonitor,2026-01-17 05:00:00+00:00,4,0.25,AWS
LOG390,VM100242,CloudWatch,2026-01-17 06:00:00+00:00,0,0.5,GCP
LOG391,VM100149,CloudWatch,2026-01-17 07:00:00+00:00,4,0.4,AWS
LOG392,VM100049,CloudWatch,2026-01-17 08:00:00+00:00,2,0.49,Azure
LOG393,VM100232,AzureMonitor,2026-01-17 09:00:00+00:00,5,0.36,GCP
LOG394,VM100132,Stackdriver,2026-01-17 10:00:00+00:00,3,0.33,Azure
LOG395,VM100007,AzureMonitor,2026-01-17 11:00:00+00:00,2,0.46,GCP
LOG396,VM100248,CloudWatch,2026-01-17 12:00:00+00:00,2,0.46,GCP
LOG397,VM100011,CloudWatch,2026-01-17 13:00:00+00:00,3,0.51,GCP
LOG398,VM100073,AzureMonitor,2026-01-17 14:00:00+00:00,3,0.26,GCP
LOG399,VM100221,AzureMonitor,2026-01-17 15:00:00+00:00,1,0.47,AWS
LOG400,VM100194,Stackdriver,2026-01-17 16:00:00+00:00,0,0.54,GCP
LOG401,VM100279,AzureMonitor,2026-01-17 17:00:00+00:00,4,0.3,GCP
LOG402,VM100179,AzureMonitor,2026-01-17 18:00:00+00:00,3,0.43,Azure
LOG403,VM100159,CloudWatch,2026-01-17 19:00:00+00:00,0,0.42,GCP
LOG404,VM100176,Stackdriver,2026-01-17 20:00:00+00:00,0,0.38,Azure
LOG405,VM100291,AzureMonitor,2026-01-17 21:00:00+00:00,2,0.28,AWS
LOG406,VM100256,Stackdriver,2026-01-17 22:00:00+00:00,1,0.39,AWS
LOG407,VM100268,AzureMonitor,2026-01-17 23:00:00+00:00,4,0.42,AWS
LOG408,VM100156,AzureMonitor,2026-01-18 00:00:00+00:00,2,0.27,Azure
LOG409,VM100008,AzureMonitor,2026-01-18 01:00:00+00:00,0,0.32,GCP
LOG410,VM100064,CloudWatch,2026-01-18 02:00:00+00:00,3,0.34,Azure
LOG411,VM100181,Stackdriver,2026-01-18 03:00:00+00:00,0,0.26,AWS
LOG412,VM100180,AzureMonitor,2026-01-18 04:00:00+00:00,4,0.45,GCP
LOG413,VM100080,CloudWatch,2026-01-18 05:00:00+00:00,5,0.33,GCP
LOG414,VM100101,AzureMonitor,2026-01-18 06:00:00+00:00,4,0.53,Azure
LOG415,VM100113,CloudWatch,2026-01-18 07:00:00+00:00,3,0.53,AWS
LOG416,VM100198,AzureMonitor,2026-01-18 08:00:00+00:00,3,0.54,AWS
LOG417,VM100134,AzureMonitor,2026-01-18 09:00:00+00:00,4,0.34,GCP
LOG418,VM100224,Stackdriver,2026-01-18 10:00:00+00:00,2,0.49,AWS
LOG419,VM100103,AzureMonitor,2026-01-18 11:00:00+00:00,1,0.37,AWS
LOG420,VM100155,AzureMonitor,2026-01-18 12:00:00+00:00,0,0.34,GCP
LOG421,VM100237,Stackdriver,2026-01-18 13:00:00+00:00,1,0.36,Azure
LOG422,VM100050,CloudWatch,2026-01-18 14:00:00+00:00,4,0.38,Azure
LOG423,VM100258,Stackdriver,2026-01-18 15:00:00+00:00,5,0.36,Azure
LOG424,VM100219,AzureMonitor,2026-01-18 16:00:00+00:00,3,0.54,Azure
LOG425,VM100015,Stackdriver,2026-01-18 17:00:00+00:00,0,0.54,Azure
LOG426,VM100046,CloudWatch,2026-01-18 18:00:00+00:00,4,0.52,AWS
LOG427,VM100298,Stackdriver,2026-01-18 19:00:00+00:00,2,0.29,GCP
LOG428,VM100290,AzureMonitor,2026-01-18 20:00:00+00:00,0,0.48,Azure
LOG429,VM100065,AzureMonitor,2026-01-18 21:00:00+00:00,5,0.25,GCP
LOG430,VM100236,CloudWatch,2026-01-18 22:00:00+00:00,0,0.27,GCP
LOG431,VM100055,AzureMonitor,2026-01-18 23:00:00+00:00,4,0.28,Azure
LOG432,VM100290,AzureMonitor,2026-01-19 00:00:00+00:00,5,0.35,AWS
LOG433,VM100063,Stackdriver,2026-01-19 01:00:00+00:00,4,0.45,GCP
LOG434,VM100028,Stackdriver,2026-01-19 02:00:00+00:00,1,0.4,GCP
LOG435,VM100254,CloudWatch,2026-01-19 03:00:00+00:00,1,0.52,GCP
LOG436,VM100080,AzureMonitor,2026-01-19 04:00:00+00:00,5,0.34,AWS
LOG437,VM100249,Stackdriver,2026-01-19 05:00:00+00:00,5,0.31,AWS
LOG438,VM100001,CloudWatch,2026-01-19 06:00:00+00:00,4,0.51,GCP
LOG439,VM100050,CloudWatch,2026-01-19 07:00:00+00:00,1,0.28,AWS
LOG440,VM100259,AzureMonitor,2026-01-19 08:00:00+00:00,3,0.27,AWS
LOG441,VM100154,AzureMonitor,2026-01-19 09:00:00+00:00,3,0.54,AWS
LOG442,VM100280,AzureMonitor,2026-01-19 10:00:00+00:00,4,0.45,GCP
LOG443,VM100064,AzureMonitor,2026-01-19 11:00:00+00:00,1,0.44,AWS
LOG444,VM100073,Stackdriver,2026-01-19 12:00:00+00:00,5,0.32,GCP
LOG445,VM100280,CloudWatch,2026-01-19 13:00:00+00:00,3,0.39,Azure
LOG446,VM100052,Stackdriver,2026-01-19 14:00:00+00:00,3,0.36,Azure
LOG447,VM100201,AzureMonitor,2026-01-19 15:00:00+00:00,5,0.49,Azure
LOG448,VM100214,AzureMonitor,2026-01-19 16:00:00+00:00,1,0.26,Azure
LOG449,VM100062,Stackdriver,2026-01-19 17:00:00+00:00,3,0.25,Azure
LOG450,VM100018,Stackdriver,2026-01-19 18:00:00+00:00,5,0.52,GCP
LOG451,VM100228,CloudWatch,2026-01-19 19:00:00+00:00,2,0.54,Azure
LOG452,VM100235,AzureMonitor,2026-01-19 20:00:00+00:00,0,0.54,Azure
LOG453,VM100257,Stackdriver,2026-01-19 21:00:00+00:00,1,0.35,GCP
LOG454,VM100269,AzureMonitor,2026-01-19 22:00:00+00:00,4,0.27,GCP
LOG455,VM100078,AzureMonitor,2026-01-19 23:00:00+00:00,5,0.47,Azure
LOG456,VM100236,Stackdriver,2026-01-20 00:00:00+00:00,1,0.33,GCP
LOG457,VM100156,AzureMonitor,2026-01-20 01:00:00+00:00,0,0.52,GCP
LOG458,VM100248,AzureMonitor,2026-01-20 02:00:00+00:00,3,0.43,AWS
LOG459,VM100295,Stackdriver,2026-01-20 03:00:00+00:00,4,0.48,GCP
LOG460,VM100133,CloudWatch,2026-01-20 04:00:00+00:00,5,0.35,GCP
LOG461,VM100179,Stackdriver,2026-01-20 05:00:00+00:00,4,0.5,AWS
LOG462,VM100024,CloudWatch,2026-01-20 06:00:00+00:00,5,0.3,AWS
LOG463,VM100055,AzureMonitor,2026-01-20 07:00:00+00:00,5,0.39,AWS
LOG464,VM100122,CloudWatch,2026-01-20 08:00:00+00:00,1,0.47,Azure
LOG465,VM100216,CloudWatch,2026-01-20 09:00:00+00:00,0,0.43,AWS
LOG466,VM100020,Stackdriver,2026-01-20 10:00:00+00:00,0,0.38,Azure
LOG467,VM100016,CloudWatch,2026-01-20 11:00:00+00:00,2,0.28,Azure
LOG468,VM100194,CloudWatch,2026-01-20 12:00:00+00:00,5,0.42,AWS
LOG469,VM100101,AzureMonitor,2026-01-20 13:00:00+00:00,3,0.38,Azure
LOG470,VM100116,CloudWatch,2026-01-20 14:00:00+00:00,5,0.3,GCP
LOG471,VM100099,CloudWatch,2026-01-20 15:00:00+00:00,4,0.26,GCP
LOG472,VM100050,CloudWatch,2026-01-20 16:00:00+00:00,0,0.49,AWS
LOG473,VM100185,AzureMonitor,2026-01-20 17:00:00+00:00,4,0.41,AWS
LOG474,VM100175,CloudWatch,2026-01-20 18:00:00+00:00,5,0.47,GCP
LOG475,VM100271,AzureMonitor,2026-01-20 19:00:00+00:00,1,0.5,GCP
LOG476,VM100243,Stackdriver,2026-01-20 20:00:00+00:00,2,0.36,GCP
LOG477,VM100071,CloudWatch,2026-01-20 21:00:00+00:00,3,0.38,Azure
LOG478,VM100037,Stackdriver,2026-01-20 22:00:00+00:00,0,0.29,GCP
LOG479,VM100153,CloudWatch,2026-01-20 23:00:00+00:00,0,0.4,AWS
LOG480,VM100277,AzureMonitor,2026-01-21 00:00:00+00:00,0,0.32,Azure
LOG481,VM100129,AzureMonitor,2026-01-21 01:00:00+00:00,5,0.36,AWS
LOG482,VM100148,CloudWatch,2026-01-21 02:00:00+00:00,4,0.42,GCP
LOG483,VM100257,AzureMonitor,2026-01-21 03:00:00+00:00,3,0.44,GCP
LOG484,VM100057,Stackdriver,2026-01-21 04:00:00+00:00,3,0.53,Azure
LOG485,VM100016,CloudWatch,2026-01-21 05:00:00+00:00,2,0.38,AWS
LOG486,VM100172,CloudWatch,2026-01-21 06:00:00+00:00,1,0.31,GCP
LOG487,VM100169,Stackdriver,2026-01-21 07:00:00+00:00,0,0.32,AWS
LOG488,VM100289,Stackdriver,2026-01-21 08:00:00+00:00,5,0.5,AWS
LOG489,VM100178,CloudWatch,2026-01-21 09:00:00+00:00,3,0.43,GCP
LOG490,VM100042,Stackdriver,2026-01-21 10:00:00+00:00,3,0.53,Azure
LOG491,VM100022,CloudWatch,2026-01-21 11:00:00+00:00,0,0.4,AWS
LOG492,VM100180,AzureMonitor,2026-01-21 12:00:00+00:00,3,0.34,AWS
LOG493,VM100011,CloudWatch,2026-01-21 13:00:00+00:00,0,0.48,AWS
LOG494,VM100274,Stackdriver,2026-01-21 14:00:00+00:00,3,0.45,GCP
LOG495,VM100010,Stackdriver,2026-01-21 15:00:00+00:00,3,0.27,Azure
LOG496,VM100065,AzureMonitor,2026-01-21 16:00:00+00:00,5,0.38,AWS
LOG497,VM100060,AzureMonitor,2026-01-21 17:00:00+00:00,0,0.52,Azure
LOG498,VM100181,CloudWatch,2026-01-21 18:00:00+00:00,2,0.38,AWS
LOG499,VM100122,CloudWatch,2026-01-21 19:00:00+00:00,0,0.43,AWS
LOG500,VM100212,Stackdriver,2026-01-21 20:00:00+00:00,4,0.42,AWS
LOG2,VM100060, Stackdriver ,2026-01-01 02:00:00+00:00,2,0.29, Azure 
