Ticket_ID,Customer_ID,Incident_ID,Ticket_Description,Severity,Category
TKT1,CUST2095,INC5075,User email test@example.com unable to login. Call 9876543210.,HIGH,BILLING
TKT2,CUST2063,INC5052,User email test@example.com unable to login. Call 9876543210., CRITICAL , Storage 
TKT3,CUST2030,INC5092,,low,billing
TKT4,CUST2055,INC5074,User email test@example.com unable to login. Call 9876543210.,HIGH,BILLING
TKT5,CUST2035,INC5083,User email test@example.com unable to login. Call 9876543210., CRITICAL , Storage 
TKT6,CUST2015,INC5064,User email test@example.com unable to login. Call 9876543210.,high,storage
TKT7,CUST2090,INC5056,,LOW,PERFORMANCE
TKT8,CUST2037,INC5093,User email test@example.com unable to login. Call 9876543210., MEDIUM , Storage 
TKT9,CUST2045,INC5057,User email test@example.com unable to login. Call 9876543210.,medium,performance
TKT10,CUST2076,INC5088,User email test@example.com unable to login. Call 9876543210.,HIGH,STORAGE
TKT11,CUST2017,INC5038,User email test@example.com unable to login. Call 9876543210., CRITICAL , Storage 
TKT12,CUST2087,INC5084,User email test@example.com unable to login. Call 9876543210.,high,storage
TKT13,CUST2021,INC5080,User email test@example.com unable to login. Call 9876543210.,MEDIUM,LOGIN
TKT14,CUST2089,INC5096,User email test@example.com unable to login. Call 9876543210., LOW , Storage 
TKT15,CUST2017,INC5023,User email test@example.com unable to login. Call 9876543210.,medium,performance
TKT16,CUST2078,INC5063,User email test@example.com unable to login. Call 9876543210.,LOW,STORAGE
TKT17,CUST2064,INC5039,User email test@example.com unable to login. Call 9876543210.,MEDIUM,Performance
TKT18,CUST2072,INC5007,User email test@example.com unable to login. Call 9876543210.,LOW,Login
TKT19,CUST2034,INC5046,User email test@example.com unable to login. Call 9876543210.,MEDIUM,Performance
TKT20,CUST2065,INC5005,User email test@example.com unable to login. Call 9876543210.,LOW,Login
TKT21,CUST2056,INC5015,User email test@example.com unable to login. Call 9876543210.,MEDIUM,Billing
TKT22,CUST2072,INC5029,User email test@example.com unable to login. Call 9876543210.,CRITICAL,Login
TKT23,CUST2044,INC5046,User email test@example.com unable to login. Call 9876543210.,LOW,Login
TKT24,CUST2020,INC5089,User email test@example.com unable to login. Call 9876543210.,LOW,Billing
TKT25,CUST2057,INC5059,User email test@example.com unable to login. Call 9876543210.,LOW,Billing
TKT26,CUST2079,INC5079,User email test@example.com unable to login. Call 9876543210.,LOW,Billing
TKT27,CUST2065,INC5014,User email test@example.com unable to login. Call 9876543210.,MEDIUM,Billing
TKT28,CUST2027,INC5047,User email test@example.com unable to login. Call 9876543210.,MEDIUM,Login
TKT29,CUST2091,INC5057,User email test@example.com unable to login. Call 9876543210.,CRITICAL,Billing
TKT30,CUST2020,INC5083,User email test@example.com unable to login. Call 9876543210.,HIGH,Login
TKT31,CUST2018,INC5016,User email test@example.com unable to login. Call 9876543210.,MEDIUM,Storage
TKT32,CUST2054,INC5099,User email test@example.com unable to login. Call 9876543210.,LOW,Performance
TKT33,CUST2061,INC5044,User email test@example.com unable to login. Call 9876543210.,HIGH,Performance
TKT34,CUST2011,INC5035,User email test@example.com unable to login. Call 9876543210.,HIGH,Storage
TKT35,CUST2047,INC5081,User email test@example.com unable to login. Call 9876543210.,MEDIUM,Performance
TKT36,CUST2097,INC5097,User email test@example.com unable to login. Call 9876543210.,CRITICAL,Performance
TKT37,CUST2018,INC5055,User email test@example.com unable to login. Call 9876543210.,CRITICAL,Storage
TKT38,CUST2059,INC5067,User email test@example.com unable to login. Call 9876543210.,HIGH,Billing
TKT39,CUST2057,INC5019,User email test@example.com unable to login. Call 9876543210.,LOW,Billing
TKT40,CUST2011,INC5044,User email test@example.com unable to login. Call 9876543210.,HIGH,Storage
TKT41,CUST2099,INC5022,User email test@example.com unable to login. Call 9876543210.,CRITICAL,Billing
TKT42,CUST2051,INC5098,User email test@example.com unable to login. Call 9876543210.,LOW,Performance
TKT43,CUST2074,INC5008,User email test@example.com unable to login. Call 9876543210.,HIGH,Storage
TKT44,CUST2052,INC5088,User email test@example.com unable to login. Call 9876543210.,HIGH,Login
TKT45,CUST2045,INC5002,User email test@example.com unable to login. Call 9876543210.,HIGH,Performance
TKT46,CUST2090,INC5052,User email test@example.com unable to login. Call 9876543210.,CRITICAL,Performance
TKT47,CUST2070,INC5080,User email test@example.com unable to login. Call 9876543210.,CRITICAL,Login
TKT48,CUST2084,INC5052,User email test@example.com unable to login. Call 9876543210.,MEDIUM,Login
TKT49,CUST2011,INC5005,User email test@example.com unable to login. Call 9876543210.,HIGH,Storage
TKT50,CUST2093,INC5093,User email test@example.com unable to login. Call 9876543210.,MEDIUM,Login
TKT51,CUST2028,INC5012,User email test@example.com unable to login. Call 9876543210.,HIGH,Login
TKT52,CUST2097,INC5082,User email test@example.com unable to login. Call 9876543210.,MEDIUM,Billing
TKT53,CUST2004,INC5070,User email test@example.com unable to login. Call 9876543210.,HIGH,Performance
TKT54,CUST2100,INC5039,User email test@example.com unable to login. Call 9876543210.,CRITICAL,Billing
TKT55,CUST2094,INC5008,User email test@example.com unable to login. Call 9876543210.,HIGH,Login
TKT56,CUST2081,INC5065,User email test@example.com unable to login. Call 9876543210.,HIGH,Billing
TKT57,CUST2007,INC5097,User email test@example.com unable to login. Call 9876543210.,LOW,Storage
TKT58,CUST2039,INC5074,User email test@example.com unable to login. Call 9876543210.,LOW,Storage
TKT59,CUST2044,INC5031,User email test@example.com unable to login. Call 9876543210.,MEDIUM,Login
TKT60,CUST2039,INC5037,User email test@example.com unable to login. Call 9876543210.,MEDIUM,Storage
TKT61,CUST2067,INC5095,User email test@example.com unable to login. Call 9876543210.,MEDIUM,Billing
TKT62,CUST2042,INC5067,User email test@example.com unable to login. Call 9876543210.,MEDIUM,Login
TKT63,CUST2059,INC5013,User email test@example.com unable to login. Call 9876543210.,MEDIUM,Storage
TKT64,CUST2053,INC5011,User email test@example.com unable to login. Call 9876543210.,LOW,Billing
TKT65,CUST2055,INC5017,User email test@example.com unable to login. Call 9876543210.,CRITICAL,Performance
TKT66,CUST2058,INC5010,User email test@example.com unable to login. Call 9876543210.,HIGH,Storage
TKT67,CUST2076,INC5072,User email test@example.com unable to login. Call 9876543210.,CRITICAL,Login
TKT68,CUST2075,INC5064,User email test@example.com unable to login. Call 9876543210.,CRITICAL,Storage
TKT69,CUST2089,INC5063,User email test@example.com unable to login. Call 9876543210.,CRITICAL,Performance
TKT70,CUST2019,INC5065,User email test@example.com unable to login. Call 9876543210.,MEDIUM,Storage
TKT71,CUST2092,INC5059,User email test@example.com unable to login. Call 9876543210.,MEDIUM,Billing
TKT72,CUST2089,INC5028,User email test@example.com unable to login. Call 9876543210.,CRITICAL,Storage
TKT73,CUST2005,INC5096,User email test@example.com unable to login. Call 9876543210.,MEDIUM,Login
TKT74,CUST2016,INC5078,User email test@example.com unable to login. Call 9876543210.,CRITICAL,Billing
TKT75,CUST2016,INC5048,User email test@example.com unable to login. Call 9876543210.,HIGH,Billing
TKT76,CUST2067,INC5020,User email test@example.com unable to login. Call 9876543210.,LOW,Login
TKT77,CUST2040,INC5048,User email test@example.com unable to login. Call 9876543210.,HIGH,Login
TKT78,CUST2063,INC5004,User email test@example.com unable to login. Call 9876543210.,MEDIUM,Performance
TKT79,CUST2076,INC5054,User email test@example.com unable to login. Call 9876543210.,LOW,Login
TKT80,CUST2037,INC5028,User email test@example.com unable to login. Call 9876543210.,MEDIUM,Storage
TKT81,CUST2001,INC5016,User email test@example.com unable to login. Call 9876543210.,HIGH,Billing
TKT82,CUST2006,INC5054,User email test@example.com unable to login. Call 9876543210.,CRITICAL,Login
TKT83,CUST2073,INC5058,User email test@example.com unable to login. Call 9876543210.,HIGH,Storage
TKT84,CUST2061,INC5093,User email test@example.com unable to login. Call 9876543210.,MEDIUM,Performance
TKT85,CUST2065,INC5082,User email test@example.com unable to login. Call 9876543210.,CRITICAL,Storage
TKT86,CUST2086,INC5058,User email test@example.com unable to login. Call 9876543210.,MEDIUM,Login
TKT87,CUST2012,INC5080,User email test@example.com unable to login. Call 9876543210.,CRITICAL,Storage
TKT88,CUST2030,INC5051,User email test@example.com unable to login. Call 9876543210.,HIGH,Billing
TKT89,CUST2086,INC5057,User email test@example.com unable to login. Call 9876543210.,HIGH,Billing
TKT90,CUST2022,INC5091,User email test@example.com unable to login. Call 9876543210.,LOW,Login
TKT91,CUST2072,INC5083,User email test@example.com unable to login. Call 9876543210.,LOW,Billing
TKT92,CUST2025,INC5080,User email test@example.com unable to login. Call 9876543210.,LOW,Performance
TKT93,CUST2097,INC5061,User email test@example.com unable to login. Call 9876543210.,LOW,Billing
TKT94,CUST2085,INC5069,User email test@example.com unable to login. Call 9876543210.,MEDIUM,Billing
TKT95,CUST2036,INC5027,User email test@example.com unable to login. Call 9876543210.,MEDIUM,Storage
TKT96,CUST2011,INC5069,User email test@example.com unable to login. Call 9876543210.,HIGH,Storage
TKT97,CUST2076,INC5006,User email test@example.com unable to login. Call 9876543210.,CRITICAL,Billing
TKT98,CUST2044,INC5056,User email test@example.com unable to login. Call 9876543210.,MEDIUM,Storage
TKT99,CUST2004,INC5068,User email test@example.com unable to login. Call 9876543210.,HIGH,Storage
TKT100,CUST2033,INC5012,User email test@example.com unable to login. Call 9876543210.,LOW,Billing
TKT101,CUST2070,INC5022,User email test@example.com unable to login. Call 9876543210.,HIGH,Performance
TKT102,CUST2024,INC5033,User email test@example.com unable to login. Call 9876543210.,LOW,Performance
TKT103,CUST2040,INC5053,User email test@example.com unable to login. Call 9876543210.,MEDIUM,Billing
TKT104,CUST2079,INC5042,User email test@example.com unable to login. Call 9876543210.,MEDIUM,Billing
TKT105,CUST2092,INC5008,User email test@example.com unable to login. Call 9876543210.,HIGH,Storage
TKT106,CUST2013,INC5041,User email test@example.com unable to login. Call 9876543210.,MEDIUM,Storage
TKT107,CUST2042,INC5034,User email test@example.com unable to login. Call 9876543210.,CRITICAL,Billing
TKT108,CUST2007,INC5026,User email test@example.com unable to login. Call 9876543210.,MEDIUM,Performance
TKT109,CUST2064,INC5066,User email test@example.com unable to login. Call 9876543210.,CRITICAL,Billing
TKT110,CUST2035,INC5008,User email test@example.com unable to login. Call 9876543210.,HIGH,Storage
TKT111,CUST2071,INC5053,User email test@example.com unable to login. Call 9876543210.,LOW,Storage
TKT112,CUST2004,INC5053,User email test@example.com unable to login. Call 9876543210.,MEDIUM,Billing
TKT113,CUST2035,INC5071,User email test@example.com unable to login. Call 9876543210.,LOW,Performance
TKT114,CUST2098,INC5072,User email test@example.com unable to login. Call 9876543210.,MEDIUM,Login
TKT115,CUST2073,INC5053,User email test@example.com unable to login. Call 9876543210.,CRITICAL,Billing
TKT116,CUST2082,INC5065,User email test@example.com unable to login. Call 9876543210.,MEDIUM,Performance
TKT117,CUST2048,INC5070,User email test@example.com unable to login. Call 9876543210.,MEDIUM,Performance
TKT118,CUST2069,INC5055,User email test@example.com unable to login. Call 9876543210.,CRITICAL,Billing
TKT119,CUST2001,INC5060,User email test@example.com unable to login. Call 9876543210.,HIGH,Performance
TKT120,CUST2001,INC5008,User email test@example.com unable to login. Call 9876543210.,CRITICAL,Login
TKT121,CUST2077,INC5033,User email test@example.com unable to login. Call 9876543210.,CRITICAL,Login
TKT122,CUST2081,INC5028,User email test@example.com unable to login. Call 9876543210.,HIGH,Billing
TKT123,CUST2021,INC5095,User email test@example.com unable to login. Call 9876543210.,LOW,Login
TKT124,CUST2012,INC5051,User email test@example.com unable to login. Call 9876543210.,LOW,Performance
TKT125,CUST2093,INC5072,User email test@example.com unable to login. Call 9876543210.,HIGH,Storage
TKT126,CUST2027,INC5079,User email test@example.com unable to login. Call 9876543210.,HIGH,Login
TKT127,CUST2082,INC5034,User email test@example.com unable to login. Call 9876543210.,CRITICAL,Login
TKT128,CUST2032,INC5085,User email test@example.com unable to login. Call 9876543210.,HIGH,Login
TKT129,CUST2027,INC5059,User email test@example.com unable to login. Call 9876543210.,HIGH,Billing
TKT130,CUST2089,INC5018,User email test@example.com unable to login. Call 9876543210.,LOW,Storage
TKT131,CUST2001,INC5002,User email test@example.com unable to login. Call 9876543210.,MEDIUM,Storage
TKT132,CUST2072,INC5090,User email test@example.com unable to login. Call 9876543210.,CRITICAL,Storage
TKT133,CUST2069,INC5011,User email test@example.com unable to login. Call 9876543210.,LOW,Billing
TKT134,CUST2086,INC5057,User email test@example.com unable to login. Call 9876543210.,LOW,Login
TKT135,CUST2049,INC5077,User email test@example.com unable to login. Call 9876543210.,HIGH,Storage
TKT136,CUST2023,INC5099,User email test@example.com unable to login. Call 9876543210.,LOW,Billing
TKT137,CUST2060,INC5048,User email test@example.com unable to login. Call 9876543210.,MEDIUM,Storage
TKT138,CUST2002,INC5029,User email test@example.com unable to login. Call 9876543210.,LOW,Login
TKT139,CUST2088,INC5091,User email test@example.com unable to login. Call 9876543210.,HIGH,Performance
TKT140,CUST2012,INC5079,User email test@example.com unable to login. Call 9876543210.,HIGH,Performance
TKT141,CUST2030,INC5064,User email test@example.com unable to login. Call 9876543210.,HIGH,Billing
TKT142,CUST2036,INC5064,User email test@example.com unable to login. Call 9876543210.,MEDIUM,Billing
TKT143,CUST2026,INC5082,User email test@example.com unable to login. Call 9876543210.,CRITICAL,Billing
TKT144,CUST2036,INC5073,User email test@example.com unable to login. Call 9876543210.,CRITICAL,Performance
TKT145,CUST2071,INC5025,User email test@example.com unable to login. Call 9876543210.,MEDIUM,Billing
TKT146,CUST2076,INC5017,User email test@example.com unable to login. Call 9876543210.,LOW,Performance
TKT147,CUST2034,INC5073,User email test@example.com unable to login. Call 9876543210.,MEDIUM,Login
TKT148,CUST2025,INC5087,User email test@example.com unable to login. Call 9876543210.,LOW,Login
TKT149,CUST2088,INC5072,User email test@example.com unable to login. Call 9876543210.,CRITICAL,Billing
TKT150,CUST2055,INC5083,User email test@example.com unable to login. Call 9876543210.,LOW,Login
TKT151,CUST2056,INC5053,User email test@example.com unable to login. Call 9876543210.,HIGH,Billing
TKT152,CUST2088,INC5067,User email test@example.com unable to login. Call 9876543210.,CRITICAL,Storage
TKT153,CUST2047,INC5067,User email test@example.com unable to login. Call 9876543210.,LOW,Performance
TKT154,CUST2007,INC5036,User email test@example.com unable to login. Call 9876543210.,CRITICAL,Storage
TKT155,CUST2041,INC5001,User email test@example.com unable to login. Call 9876543210.,CRITICAL,Performance
TKT156,CUST2043,INC5011,User email test@example.com unable to login. Call 9876543210.,LOW,Performance
TKT157,CUST2089,INC5055,User email test@example.com unable to login. Call 9876543210.,LOW,Performance
TKT158,CUST2026,INC5022,User email test@example.com unable to login. Call 9876543210.,HIGH,Login
TKT159,CUST2009,INC5081,User email test@example.com unable to login. Call 9876543210.,LOW,Billing
TKT160,CUST2062,INC5056,User email test@example.com unable to login. Call 9876543210.,LOW,Login
TKT161,CUST2033,INC5032,User email test@example.com unable to login. Call 9876543210.,LOW,Storage
TKT162,CUST2031,INC5044,User email test@example.com unable to login. Call 9876543210.,LOW,Login
TKT163,CUST2067,INC5031,User email test@example.com unable to login. Call 9876543210.,LOW,Storage
TKT164,CUST2098,INC5013,User email test@example.com unable to login. Call 9876543210.,CRITICAL,Billing
TKT165,CUST2011,INC5008,User email test@example.com unable to login. Call 9876543210.,LOW,Storage
TKT166,CUST2041,INC5089,User email test@example.com unable to login. Call 9876543210.,LOW,Performance
TKT167,CUST2008,INC5057,User email test@example.com unable to login. Call 9876543210.,LOW,Login
TKT168,CUST2079,INC5081,User email test@example.com unable to login. Call 9876543210.,CRITICAL,Billing
TKT169,CUST2014,INC5087,User email test@example.com unable to login. Call 9876543210.,LOW,Billing
TKT170,CUST2038,INC5049,User email test@example.com unable to login. Call 9876543210.,CRITICAL,Billing
TKT171,CUST2080,INC5097,User email test@example.com unable to login. Call 9876543210.,CRITICAL,Performance
TKT172,CUST2077,INC5085,User email test@example.com unable to login. Call 9876543210.,LOW,Storage
TKT173,CUST2050,INC5060,User email test@example.com unable to login. Call 9876543210.,CRITICAL,Billing
TKT174,CUST2044,INC5084,User email test@example.com unable to login. Call 9876543210.,LOW,Storage
TKT175,CUST2067,INC5043,User email test@example.com unable to login. Call 9876543210.,MEDIUM,Billing
TKT176,CUST2014,INC5002,User email test@example.com unable to login. Call 9876543210.,LOW,Performance
TKT177,CUST2074,INC5017,User email test@example.com unable to login. Call 9876543210.,HIGH,Login
TKT178,CUST2054,INC5062,User email test@example.com unable to login. Call 9876543210.,CRITICAL,Performance
TKT179,CUST2032,INC5018,User email test@example.com unable to login. Call 9876543210.,LOW,Billing
TKT180,CUST2017,INC5040,User email test@example.com unable to login. Call 9876543210.,CRITICAL,Login
TKT181,CUST2040,INC5075,User email test@example.com unable to login. Call 9876543210.,MEDIUM,Performance
TKT182,CUST2061,INC5040,User email test@example.com unable to login. Call 9876543210.,HIGH,Login
TKT183,CUST2048,INC5002,User email test@example.com unable to login. Call 9876543210.,MEDIUM,Billing
TKT184,CUST2031,INC5065,User email test@example.com unable to login. Call 9876543210.,LOW,Storage
TKT185,CUST2045,INC5026,User email test@example.com unable to login. Call 9876543210.,MEDIUM,Performance
TKT186,CUST2009,INC5044,User email test@example.com unable to login. Call 9876543210.,MEDIUM,Storage
TKT187,CUST2089,INC5089,User email test@example.com unable to login. Call 9876543210.,CRITICAL,Login
TKT188,CUST2075,INC5073,User email test@example.com unable to login. Call 9876543210.,HIGH,Login
TKT189,CUST2054,INC5043,User email test@example.com unable to login. Call 9876543210.,MEDIUM,Billing
TKT190,CUST2059,INC5006,User email test@example.com unable to login. Call 9876543210.,CRITICAL,Performance
TKT191,CUST2001,INC5082,User email test@example.com unable to login. Call 9876543210.,MEDIUM,Performance
TKT192,CUST2060,INC5080,User email test@example.com unable to login. Call 9876543210.,MEDIUM,Performance
TKT193,CUST2062,INC5095,User email test@example.com unable to login. Call 9876543210.,HIGH,Storage
TKT194,CUST2027,INC5052,User email test@example.com unable to login. Call 9876543210.,MEDIUM,Billing
TKT195,CUST2047,INC5002,User email test@example.com unable to login. Call 9876543210.,LOW,Login
TKT196,CUST2004,INC5072,User email test@example.com unable to login. Call 9876543210.,LOW,Performance
TKT197,CUST2038,INC5057,User email test@example.com unable to login. Call 9876543210.,MEDIUM,Login
TKT198,CUST2006,INC5004,User email test@example.com unable to login. Call 9876543210.,MEDIUM,Performance
TKT199,CUST2037,INC5023,User email test@example.com unable to login. Call 9876543210.,MEDIUM,Login
TKT200,CUST2093,INC5023,User email test@example.com unable to login. Call 9876543210.,HIGH,Performance
TKT201,CUST2023,INC5026,User email test@example.com unable to login. Call 9876543210.,LOW,Performance
TKT202,CUST2034,INC5013,User email test@example.com unable to login. Call 9876543210.,LOW,Performance
TKT203,CUST2049,INC5084,User email test@example.com unable to login. Call 9876543210.,LOW,Login
TKT204,CUST2027,INC5040,User email test@example.com unable to login. Call 9876543210.,CRITICAL,Performance
TKT205,CUST2048,INC5048,User email test@example.com unable to login. Call 9876543210.,MEDIUM,Storage
TKT206,CUST2092,INC5009,User email test@example.com unable to login. Call 9876543210.,LOW,Performance
TKT207,CUST2017,INC5025,User email test@example.com unable to login. Call 9876543210.,MEDIUM,Storage
TKT208,CUST2089,INC5048,User email test@example.com unable to login. Call 9876543210.,HIGH,Storage
TKT209,CUST2082,INC5032,User email test@example.com unable to login. Call 9876543210.,LOW,Performance
TKT210,CUST2069,INC5038,User email test@example.com unable to login. Call 9876543210.,MEDIUM,Login
TKT211,CUST2032,INC5007,User email test@example.com unable to login. Call 9876543210.,HIGH,Performance
TKT212,CUST2066,INC5075,User email test@example.com unable to login. Call 9876543210.,CRITICAL,Performance
TKT213,CUST2094,INC5011,User email test@example.com unable to login. Call 9876543210.,CRITICAL,Billing
TKT214,CUST2022,INC5066,User email test@example.com unable to login. Call 9876543210.,CRITICAL,Login
TKT215,CUST2064,INC5067,User email test@example.com unable to login. Call 9876543210.,CRITICAL,Performance
TKT216,CUST2042,INC5092,User email test@example.com unable to login. Call 9876543210.,HIGH,Storage
TKT217,CUST2092,INC5064,User email test@example.com unable to login. Call 9876543210.,CRITICAL,Login
TKT218,CUST2075,INC5052,User email test@example.com unable to login. Call 9876543210.,LOW,Performance
TKT219,CUST2029,INC5026,User email test@example.com unable to login. Call 9876543210.,CRITICAL,Performance
TKT220,CUST2051,INC5028,User email test@example.com unable to login. Call 9876543210.,HIGH,Storage
TKT221,CUST2049,INC5074,User email test@example.com unable to login. Call 9876543210.,MEDIUM,Login
TKT222,CUST2033,INC5071,User email test@example.com unable to login. Call 9876543210.,LOW,Performance
TKT223,CUST2097,INC5011,User email test@example.com unable to login. Call 9876543210.,HIGH,Storage
TKT224,CUST2067,INC5046,User email test@example.com unable to login. Call 9876543210.,MEDIUM,Billing
TKT225,CUST2060,INC5066,User email test@example.com unable to login. Call 9876543210.,HIGH,Storage
TKT226,CUST2058,INC5060,User email test@example.com unable to login. Call 9876543210.,CRITICAL,Storage
TKT227,CUST2048,INC5064,User email test@example.com unable to login. Call 9876543210.,HIGH,Login
TKT228,CUST2049,INC5004,User email test@example.com unable to login. Call 9876543210.,MEDIUM,Storage
TKT229,CUST2030,INC5034,User email test@example.com unable to login. Call 9876543210.,LOW,Login
TKT230,CUST2011,INC5038,User email test@example.com unable to login. Call 9876543210.,LOW,Login
TKT231,CUST2030,INC5013,User email test@example.com unable to login. Call 9876543210.,LOW,Billing
TKT232,CUST2047,INC5005,User email test@example.com unable to login. Call 9876543210.,MEDIUM,Login
TKT233,CUST2026,INC5087,User email test@example.com unable to login. Call 9876543210.,HIGH,Login
TKT234,CUST2039,INC5096,User email test@example.com unable to login. Call 9876543210.,HIGH,Performance
TKT235,CUST2091,INC5078,User email test@example.com unable to login. Call 9876543210.,MEDIUM,Login
TKT236,CUST2002,INC5099,User email test@example.com unable to login. Call 9876543210.,HIGH,Login
TKT237,CUST2045,INC5052,User email test@example.com unable to login. Call 9876543210.,CRITICAL,Billing
TKT238,CUST2061,INC5084,User email test@example.com unable to login. Call 9876543210.,MEDIUM,Storage
TKT239,CUST2030,INC5030,User email test@example.com unable to login. Call 9876543210.,MEDIUM,Storage
TKT240,CUST2030,INC5067,User email test@example.com unable to login. Call 9876543210.,CRITICAL,Storage
TKT241,CUST2044,INC5011,User email test@example.com unable to login. Call 9876543210.,HIGH,Performance
TKT242,CUST2055,INC5099,User email test@example.com unable to login. Call 9876543210.,CRITICAL,Performance
TKT243,CUST2057,INC5058,User email test@example.com unable to login. Call 9876543210.,LOW,Login
TKT244,CUST2018,INC5074,User email test@example.com unable to login. Call 9876543210.,MEDIUM,Login
TKT245,CUST2095,INC5002,User email test@example.com unable to login. Call 9876543210.,CRITICAL,Login
TKT246,CUST2044,INC5029,User email test@example.com unable to login. Call 9876543210.,CRITICAL,Storage
TKT247,CUST2088,INC5097,User email test@example.com unable to login. Call 9876543210.,CRITICAL,Login
TKT248,CUST2042,INC5076,User email test@example.com unable to login. Call 9876543210.,LOW,Billing
TKT249,CUST2018,INC5020,User email test@example.com unable to login. Call 9876543210.,HIGH,Storage
TKT250,CUST2049,INC5027,User email test@example.com unable to login. Call 9876543210.,CRITICAL,Billing
TKT251,CUST2069,INC5050,User email test@example.com unable to login. Call 9876543210.,MEDIUM,Storage
TKT252,CUST2014,INC5043,User email test@example.com unable to login. Call 9876543210.,CRITICAL,Login
TKT253,CUST2012,INC5022,User email test@example.com unable to login. Call 9876543210.,LOW,Performance
TKT254,CUST2005,INC5089,User email test@example.com unable to login. Call 9876543210.,CRITICAL,Billing
TKT255,CUST2024,INC5026,User email test@example.com unable to login. Call 9876543210.,LOW,Storage
TKT256,CUST2037,INC5027,User email test@example.com unable to login. Call 9876543210.,MEDIUM,Login
TKT257,CUST2085,INC5068,User email test@example.com unable to login. Call 9876543210.,LOW,Storage
TKT258,CUST2008,INC5048,User email test@example.com unable to login. Call 9876543210.,LOW,Performance
TKT259,CUST2042,INC5053,User email test@example.com unable to login. Call 9876543210.,CRITICAL,Performance
TKT260,CUST2015,INC5017,User email test@example.com unable to login. Call 9876543210.,CRITICAL,Storage
TKT261,CUST2096,INC5009,User email test@example.com unable to login. Call 9876543210.,CRITICAL,Performance
TKT262,CUST2017,INC5027,User email test@example.com unable to login. Call 9876543210.,HIGH,Storage
TKT263,CUST2091,INC5086,User email test@example.com unable to login. Call 9876543210.,CRITICAL,Performance
TKT264,CUST2078,INC5074,User email test@example.com unable to login. Call 9876543210.,HIGH,Performance
TKT265,CUST2065,INC5092,User email test@example.com unable to login. Call 9876543210.,CRITICAL,Login
TKT266,CUST2026,INC5001,User email test@example.com unable to login. Call 9876543210.,MEDIUM,Storage
TKT267,CUST2009,INC5052,User email test@example.com unable to login. Call 9876543210.,MEDIUM,Login
TKT268,CUST2073,INC5063,User email test@example.com unable to login. Call 9876543210.,CRITICAL,Storage
TKT269,CUST2074,INC5006,User email test@example.com unable to login. Call 9876543210.,LOW,Login
TKT270,CUST2083,INC5059,User email test@example.com unable to login. Call 9876543210.,HIGH,Login
TKT271,CUST2051,INC5079,User email test@example.com unable to login. Call 9876543210.,MEDIUM,Storage
TKT272,CUST2032,INC5023,User email test@example.com unable to login. Call 9876543210.,CRITICAL,Storage
TKT273,CUST2050,INC5085,User email test@example.com unable to login. Call 9876543210.,MEDIUM,Billing
TKT274,CUST2051,INC5090,User email test@example.com unable to login. Call 9876543210.,LOW,Performance
TKT275,CUST2021,INC5036,User email test@example.com unable to login. Call 9876543210.,HIGH,Billing
TKT276,CUST2090,INC5093,User email test@example.com unable to login. Call 9876543210.,MEDIUM,Storage
TKT277,CUST2053,INC5098,User email test@example.com unable to login. Call 9876543210.,LOW,Login
TKT278,CUST2010,INC5097,User email test@example.com unable to login. Call 9876543210.,LOW,Login
TKT279,CUST2053,INC5058,User email test@example.com unable to login. Call 9876543210.,MEDIUM,Login
TKT280,CUST2027,INC5065,User email test@example.com unable to login. Call 9876543210.,LOW,Storage
TKT281,CUST2004,INC5010,User email test@example.com unable to login. Call 9876543210.,CRITICAL,Storage
TKT282,CUST2044,INC5096,User email test@example.com unable to login. Call 9876543210.,CRITICAL,Performance
TKT283,CUST2051,INC5005,User email test@example.com unable to login. Call 9876543210.,LOW,Login
TKT284,CUST2015,INC5091,User email test@example.com unable to login. Call 9876543210.,MEDIUM,Login
TKT285,CUST2086,INC5096,User email test@example.com unable to login. Call 9876543210.,CRITICAL,Storage
TKT286,CUST2060,INC5009,User email test@example.com unable to login. Call 9876543210.,LOW,Performance
TKT287,CUST2092,INC5057,User email test@example.com unable to login. Call 9876543210.,MEDIUM,Storage
TKT288,CUST2036,INC5021,User email test@example.com unable to login. Call 9876543210.,MEDIUM,Billing
TKT289,CUST2078,INC5013,User email test@example.com unable to login. Call 9876543210.,MEDIUM,Login
TKT290,CUST2016,INC5069,User email test@example.com unable to login. Call 9876543210.,CRITICAL,Performance
TKT291,CUST2010,INC5086,User email test@example.com unable to login. Call 9876543210.,LOW,Login
TKT292,CUST2020,INC5057,User email test@example.com unable to login. Call 9876543210.,HIGH,Performance
TKT293,CUST2028,INC5092,User email test@example.com unable to login. Call 9876543210.,LOW,Performance
TKT294,CUST2057,INC5090,User email test@example.com unable to login. Call 9876543210.,LOW,Billing
TKT295,CUST2050,INC5089,User email test@example.com unable to login. Call 9876543210.,HIGH,Storage
TKT296,CUST2007,INC5077,User email test@example.com unable to login. Call 9876543210.,LOW,Billing
TKT297,CUST2099,INC5049,User email test@example.com unable to login. Call 9876543210.,MEDIUM,Performance
TKT298,CUST2048,INC5031,User email test@example.com unable to login. Call 9876543210.,MEDIUM,Billing
TKT299,CUST2003,INC5054,User email test@example.com unable to login. Call 9876543210.,LOW,Billing
TKT300,CUST2044,INC5025,User email test@example.com unable to login. Call 9876543210.,LOW,Performance
TKT2,CUST2063,INC5052,User email test@example.com unable to login. Call 9876543210., CRITICAL , Storage 
